{
    "loss": 0.650497555732727,
    "accuracy": 0.7841726541519165
}